APP_ID_C,target
app_108941,0.007493143
app_108942,0.002418943
app_108943,0.021127605
app_108944,0.017743915
app_108945,0.007436511
